{
  "shape": [5,4,3],
  "input": [0.7501443149449675, 0.9888610889064947, 0.7481656543798394, 0.2804439920644052, 0.7892793284514885, 0.5865550405019929,0.9034019152878835,0.13747470414623753,0.13927634725075855,0.8073912887095238],
  "output": [0.5865550405019929,0.9034019152878835,0.13747470414623753,0.13927634725075855,0.8073912887095238, 0.991254],
  "biases": [0.9578895301505019, 0.5331652849730171, 0.6918771139504734, 0.31551563100606295, 0.6865009276815837, 0.8346256718973729, 0.018288277344191806],
  "weights": [0.417022004702574, 0.0923385947687978, 0.4191945144032948, 0.6704675101784022, 0.7203244934421581, 0.1862602113776709, 0.6852195003967595, 0.41730480236712697, 0.00011437481734488664, 0.34556072704304774, 0.20445224973151743, 0.5586898284457517, 0.30233257263183977, 0.39676747423066994, 0.8781174363909454, 0.14038693859523377, 0.14675589081711304, 0.538816734003357, 0.027387593197926163, 0.1981014890848788, 0.8007445686755367, 0.8763891522960383, 0.1698304195645689, 0.9682615757193975, 0.8946066635038473, 0.8781425034294131, 0.31342417815924284, 0.08504421136977791, 0.0983468338330501, 0.6923226156693141, 0.03905478323288236, 0.42110762500505217]
}